{
	"pattrstorage" : 	{
		"name" : "main_env_params",
		"slots" : 		{
			"1" : 			{
				"id" : 1,
				"data" : 				{
					"Main Env Sens" : [ 827.204444184177532 ],
					"u592027755" : [ 1200.0 ],
					"u592027755[1]" : [ 0.0 ],
					"u592027755[2]" : [ 0.139695482743851 ],
					"weighting" : [ 1 ],
					"low cut[1]" : [ 100.0 ],
					"linear_or_dB" : [ 1 ]
				}

			}

		}

	}

}
