{
	"pattrstorage" : 	{
		"name" : "mon_and_foh_mix",
		"slots" : 		{
			"1" : 			{
				"id" : 1,
				"data" : 				{
					"u933009136" : [ 0.0 ],
					"u933009136[1]" : [ 0.0 ],
					"u933009136[2]" : [ 0.0 ],
					"u933009136[3]" : [ -4.0 ],
					"u933009136[4]" : [ -10.12235009085402 ],
					"u933009136[9]" : [ 0.0 ],
					"u933009136[8]" : [ 0.0 ],
					"u933009136[7]" : [ -2.5 ],
					"u933009136[6]" : [ -2.793458509993942 ],
					"u933009136[5]" : [ -10.413082980012113 ],
					"autosave" : [ 0 ],
					"u933009136[11]" : [ -22.153846153846157 ]
				}

			}

		}

	}

}
