{
	"pattrstorage" : 	{
		"name" : "sidechained_kick_params",
		"slots" : 		{
			"1" : 			{
				"id" : 1,
				"data" : 				{
					"trig-val[1]" : [ 0.80379746835443 ],
					"reset-trig-val" : [ 0.33706390861377 ],
					"cutoff[1]" : [ 157.074084244009526 ],
					"rez" : [ 74.015748031496145 ],
					"slide[1]" : [ 40.157480314960601 ],
					"function[1]" : [ 1000.0, 0.0, 1.0, 0.0, 1.0, 0, 0.0, 111.111111111111114, 0.0, 0, -0.7, 277.777777777777771, 0.481132075471698, 0, 0.55, 1000.0, 1.0, 0, -0.795, "curve" ],
					"stutter-intelligence" : [ 1 ]
				}

			}

		}

	}

}
