{
	"pattrstorage" : 	{
		"name" : "sidechained_kick_params",
		"slots" : 		{
			"1" : 			{
				"id" : 1,
				"data" : 				{
					"trig-val[1]" : [ 0.665116279069767 ],
					"reset-trig-val" : [ 0.264990003156898 ],
					"cutoff[1]" : [ 167.984788177489889 ],
					"rez" : [ 85.826771653543375 ],
					"slide[1]" : [ 40.157480314960601 ],
					"function[1]" : [ 1000.0, 0.0, 1.0, 0.0, 1.0, 0, 0.0, 92.592592592592595, 0.0, 0, -0.7, 356.481481481481467, 0.490566037735849, 0, 0.75, 1000.0, 1.0, 0, -0.895, "curve" ],
					"stutter-intelligence" : [ 1 ],
					"main_mix" : [ 7.874015748031497 ],
					"timeFX_mix" : [ 0.0 ],
					"loopers_mix" : [ 0.0 ],
					"smooth samples" : [ 0.0 ]
				}

			}

		}

	}

}
