{
	"pattrstorage" : 	{
		"name" : "sidechained_kick_params",
		"slots" : 		{
			"1" : 			{
				"id" : 1,
				"data" : 				{
					"trig-val[1]" : [ 0.703226304414943 ],
					"reset-trig-val" : [ 0.33706390861377 ],
					"cutoff[1]" : [ 89.999999999999929 ],
					"rez" : [ 60.629921259842625 ],
					"slide[1]" : [ 35.748031496063021 ],
					"function[1]" : [ 1000.0, 0.0, 1.0, 0.0, 1.0, 0, 0.0, 55.555555555555557, 0.017452830188679, 0, -0.7, 379.629629629629619, 0.536320754716981, 0, 0.6, 1000.0, 1.0, 0, -0.795, "curve" ]
				}

			}

		}

	}

}
