{
	"pattrstorage" : 	{
		"name" : "SousaFX Background Color Preference",
		"slots" : 		{
			"1" : 			{
				"id" : 1,
				"data" : 				{
					"hue" : [ 0.811111111111111 ],
					"sat" : [ 0.292349726775956 ],
					"lite" : [ 0.095628415300546 ],
					"trans" : [ 0.954781420765027 ]
				}

			}

		}

	}

}
