{
	"pattrstorage" : 	{
		"name" : "post-triplewrap_mixbus",
		"slots" : 		{
			"1" : 			{
				"id" : 1,
				"data" : 				{
					"high_volume" : [ -5.0 ],
					"low_volume" : [ -6.0 ],
					"very_low_volume" : [ -7.0 ],
					"Dry Input Gain[1]" : [ 13.228346456692917 ],
					"Dry Output Gain[1]" : [ 44.598425196850378 ],
					"Mod Input Gain[1]" : [ 19.2755905511811 ],
					"Mod Output Gain[1]" : [ 44.598425196850357 ]
				}

			}
,
			"2" : 			{
				"id" : 2,
				"data" : 				{
					"high_volume" : [ -5.0 ],
					"low_volume" : [ -6.0 ],
					"very_low_volume" : [ -7.0 ],
					"Dry Input Gain[1]" : [ 13.228346456692918 ],
					"Dry Output Gain[1]" : [ 44.598425196850378 ],
					"Mod Input Gain[1]" : [ 8.314960629921261 ],
					"Mod Output Gain[1]" : [ 44.598425196850357 ]
				}

			}
,
			"3" : 			{
				"id" : 3,
				"data" : 				{
					"high_volume" : [ -5.0 ],
					"low_volume" : [ -6.0 ],
					"very_low_volume" : [ -7.0 ],
					"Dry Input Gain[1]" : [ 34.771653543307082 ],
					"Dry Output Gain[1]" : [ 38.929133858267711 ],
					"Mod Input Gain[1]" : [ 32.503937007873994 ],
					"Mod Output Gain[1]" : [ 38.92913385826769 ]
				}

			}
,
			"4" : 			{
				"id" : 4,
				"data" : 				{
					"high_volume" : [ -5.0 ],
					"low_volume" : [ -6.0 ],
					"very_low_volume" : [ -7.0 ],
					"Dry Input Gain[1]" : [ 42.330708661417312 ],
					"Dry Output Gain[1]" : [ 35.905511811023615 ],
					"Mod Input Gain[1]" : [ 40.818897637795246 ],
					"Mod Output Gain[1]" : [ 32.881889763779483 ]
				}

			}

		}

	}

}
