{
	"pattrstorage" : 	{
		"name" : "presets2",
		"slots" : 		{
			"1" : 			{
				"id" : 1,
				"data" : 				{
					"Q_sense" : [ "Q_sense", 3.0 ],
					"Zslide_down" : [ "Zslide_down", 800.0 ],
					"aux_SnTrSq" : [ 1 ],
					"aux_duty_cycle" : [ 0.0 ],
					"aux_phase_offset" : [ -76.023622047244046 ],
					"aux_power" : [ 43.30708661417296 ],
					"aux_route_menu" : [ 0 ],
					"aux_yaxis" : [ 0.0 ],
					"comp_gate_etc_bypass" : [  ],
					"freq_ceiling" : [ 1.0, 0.0, 100.0, 0.0, 40.974361909360027, 0, 0.0, 0.351753816051516, 53.354644938793982, 0, 0.05, 1.0, 100.0, 0, 0.2, "curve" ],
					"freq_ceiling_slide_down" : [ 8000 ],
					"freq_ceiling_slide_up" : [ 48 ],
					"freq_floor" : [ 1.0, 0.0, 100.0, 0.0, 36.212714590346962, 0, 0.0, 1.0, 100.0, 0, 0.65, "curve" ],
					"freq_floor_slide_down" : [ 16000 ],
					"freq_floor_slide_up" : [ 480 ],
					"gate_thresh" : [ 0.916631541742957 ],
					"high_SnTrSq" : [ 1 ],
					"low_SnTrSq" : [ 0 ],
					"low_duty_cycle" : [ 0.0 ],
					"low_floor" : [ 5.511811023622045 ],
					"low_phase_offset" : [ 54.330708661417269 ],
					"low_power" : [ 22.303224552547903 ],
					"octaver_volume" : [ -14.220472440944881 ],
					"rez_max" : [ 62 ],
					"rez_min" : [ 3 ],
					"mix_env_logic::env_bottom" : [ 34.0 ],
					"mix_env_logic::env_inv" : [ 1 ],
					"mix_env_logic::env_top" : [ 99.0 ],
					"delay_and_reverb::reverb_volume" : [ -6 ]
				}

			}
,
			"2" : 			{
				"id" : 2,
				"data" : 				{
					"Q_sense" : [ "Q_sense", 3.0 ],
					"Zslide_down" : [ "Zslide_down", 200.0 ],
					"aux_SnTrSq" : [ 0 ],
					"aux_duty_cycle" : [ 0.0 ],
					"aux_phase_offset" : [ 68.5039370078741 ],
					"aux_power" : [ -5.511811023622144 ],
					"aux_route_menu" : [ 0 ],
					"aux_yaxis" : [ 0.0 ],
					"comp_gate_etc_bypass" : [  ],
					"freq_ceiling" : [ 1.0, 0.0, 100.0, 0.0, 44.843841472228924, 0, 0.0, 0.336612724411478, 68.094259812249632, 0, 0.3, 1.0, 100.0, 0, -0.505000000000001, "curve" ],
					"freq_ceiling_slide_down" : [ 24000 ],
					"freq_ceiling_slide_up" : [ 100 ],
					"freq_floor" : [ 1.0, 0.0, 100.0, 0.0, 34.531524416686764, 0, 0.0, 1.0, 83.161344342983838, 0, 0.305, "curve" ],
					"freq_floor_slide_down" : [ 12000 ],
					"freq_floor_slide_up" : [ 480 ],
					"gate_thresh" : [ 0.916631541742957 ],
					"high_SnTrSq" : [ 1 ],
					"low_SnTrSq" : [ 0 ],
					"low_duty_cycle" : [ 0.0 ],
					"low_floor" : [ 5.511811023622045 ],
					"low_phase_offset" : [ -52.755905511810916 ],
					"low_power" : [ 22.303224552547903 ],
					"octaver_volume" : [ -14.0 ],
					"rez_max" : [ 55 ],
					"rez_min" : [ 3 ],
					"mix_env_logic::env_bottom" : [ 4.0 ],
					"mix_env_logic::env_inv" : [ 1 ],
					"mix_env_logic::env_top" : [ 74.0 ],
					"delay_and_reverb::reverb_volume" : [ -6 ]
				}

			}
,
			"3" : 			{
				"id" : 3,
				"data" : 				{
					"Q_sense" : [ "Q_sense", 1.0 ],
					"Zslide_down" : [ "Zslide_down", 800.0 ],
					"aux_SnTrSq" : [ 0 ],
					"aux_duty_cycle" : [ 0.0 ],
					"aux_phase_offset" : [ -65.354330708661394 ],
					"aux_power" : [ -5.511811023622144 ],
					"aux_route_menu" : [ 0 ],
					"aux_yaxis" : [ 0.0 ],
					"comp_gate_etc_bypass" : [  ],
					"freq_ceiling" : [ 1.0, 0.0, 100.0, 0.0, 49.719275263181189, 0, 0.0, 0.597949997978727, 68.591916359635775, 0, 0.5, 1.0, 100.0, 0, -0.1, "curve" ],
					"freq_ceiling_slide_down" : [ 40000 ],
					"freq_ceiling_slide_up" : [ 48 ],
					"freq_floor" : [ 1.0, 0.0, 100.0, 0.002864110342309, 40.825465477429127, 0, 0.0, 1.0, 100.0, 0, 0.65, "curve" ],
					"freq_floor_slide_down" : [ 40000 ],
					"freq_floor_slide_up" : [ 480 ],
					"gate_thresh" : [ 0.916631541742957 ],
					"high_SnTrSq" : [ 1 ],
					"low_SnTrSq" : [ 0 ],
					"low_duty_cycle" : [ 0.0 ],
					"low_floor" : [ 0.0 ],
					"low_phase_offset" : [ -56.692913385826728 ],
					"low_power" : [ 19.153618253335324 ],
					"octaver_volume" : [ -11.354330708661422 ],
					"rez_max" : [ 76 ],
					"rez_min" : [ 2 ],
					"mix_env_logic::env_bottom" : [ 5.0 ],
					"mix_env_logic::env_inv" : [ 0 ],
					"mix_env_logic::env_top" : [ 33.0 ],
					"delay_and_reverb::reverb_volume" : [ 0 ]
				}

			}
,
			"4" : 			{
				"id" : 4,
				"data" : 				{
					"Q_sense" : [ "Q_sense", 3.0 ],
					"Zslide_down" : [ "Zslide_down", 200.0 ],
					"aux_SnTrSq" : [ 1 ],
					"aux_duty_cycle" : [ 0.0 ],
					"aux_phase_offset" : [ 68.5039370078741 ],
					"aux_power" : [ -5.511811023622144 ],
					"aux_route_menu" : [ 0 ],
					"aux_yaxis" : [ 0.0 ],
					"comp_gate_etc_bypass" : [ 0 ],
					"freq_ceiling" : [ 1.0, 0.0, 100.0, 0.0, 44.783679764570472, 0, 0.0, 0.409374199055757, 74.305893142451453, 0, 0.1, 1.0, 100.0, 0, -0.5, "curve" ],
					"freq_ceiling_slide_down" : [ 6000 ],
					"freq_ceiling_slide_up" : [ 96 ],
					"freq_floor" : [ 1.0, 0.0, 100.0, 0.0, 35.781502241600961, 0, 0.0, 1.0, 84.781517244280195, 0, 0.6, "curve" ],
					"freq_floor_slide_down" : [ 16000 ],
					"freq_floor_slide_up" : [ 48 ],
					"gate_thresh" : [ 0.371176996288412 ],
					"high_SnTrSq" : [ 2 ],
					"low_SnTrSq" : [ 0 ],
					"low_duty_cycle" : [ 0.0 ],
					"low_floor" : [ 5.511811023622045 ],
					"low_phase_offset" : [ -52.755905511810916 ],
					"low_power" : [ 22.303224552547903 ],
					"octaver_volume" : [ -7.165354330708674 ],
					"rez_max" : [ 76 ],
					"rez_min" : [ 8 ],
					"mix_env_logic::env_bottom" : [ 1.0 ],
					"mix_env_logic::env_inv" : [ 1 ],
					"mix_env_logic::env_top" : [ 99.0 ],
					"delay_and_reverb::reverb_volume" : [ 0 ]
				}

			}
,
			"6" : 			{
				"id" : 6,
				"data" : 				{
					"Q_sense" : [ "Q_sense", 3.0 ],
					"Zslide_down" : [ "Zslide_down", 200.0 ],
					"aux_SnTrSq" : [ 0 ],
					"aux_duty_cycle" : [ 0.0 ],
					"aux_phase_offset" : [ 68.5039370078741 ],
					"aux_power" : [ -5.511811023622144 ],
					"aux_route_menu" : [ 0 ],
					"aux_yaxis" : [ 0.0 ],
					"comp_gate_etc_bypass" : [  ],
					"freq_ceiling" : [ 1.0, 0.0, 100.0, 0.0, 92.400152954701085, 0, 0.0, 0.440803498876252, 54.306974402596595, 0, -0.4, 1.0, 100.0, 0, 0.244999999999999, "curve" ],
					"freq_ceiling_slide_down" : [ 24000 ],
					"freq_ceiling_slide_up" : [ 24 ],
					"freq_floor" : [ 1.0, 0.0, 100.0, 0.0, 38.117373517952188, 0, 0.0, 1.0, 68.591916359635775, 0, 0.305, "curve" ],
					"freq_floor_slide_down" : [ 12000 ],
					"freq_floor_slide_up" : [ 480 ],
					"gate_thresh" : [ 0.332899484326689 ],
					"high_SnTrSq" : [ 1 ],
					"low_SnTrSq" : [ 0 ],
					"low_duty_cycle" : [ 0.0 ],
					"low_floor" : [ 5.511811023622045 ],
					"low_phase_offset" : [ -52.755905511810916 ],
					"low_power" : [ 22.303224552547903 ],
					"octaver_volume" : [ -17.086614173228348 ],
					"rez_max" : [ 62 ],
					"rez_min" : [ 9 ],
					"mix_env_logic::env_bottom" : [ 54.0 ],
					"mix_env_logic::env_inv" : [ 1 ],
					"mix_env_logic::env_top" : [ 98.0 ],
					"delay_and_reverb::reverb_volume" : [ 0 ]
				}

			}
,
			"7" : 			{
				"id" : 7,
				"data" : 				{
					"Q_sense" : [ "Q_sense", 1.0 ],
					"Zslide_down" : [ "Zslide_down", 800.0 ],
					"aux_SnTrSq" : [ 0 ],
					"aux_duty_cycle" : [ 0.0 ],
					"aux_phase_offset" : [ -65.354330708661394 ],
					"aux_power" : [ -5.511811023622144 ],
					"aux_route_menu" : [ 0 ],
					"aux_yaxis" : [ 0.0 ],
					"comp_gate_etc_bypass" : [  ],
					"freq_ceiling" : [ 1.0, 0.0, 100.0, 0.0, 49.719275263181189, 0, 0.0, 1.0, 100.0, 0, 0.35, "curve" ],
					"freq_ceiling_slide_down" : [ 40000 ],
					"freq_ceiling_slide_up" : [ 48 ],
					"freq_floor" : [ 1.0, 0.0, 100.0, 0.002864110342309, 40.825465477429127, 0, 0.0, 1.0, 100.0, 0, 0.7, "curve" ],
					"freq_floor_slide_down" : [ 40000 ],
					"freq_floor_slide_up" : [ 480 ],
					"gate_thresh" : [ 0.533856422125732 ],
					"high_SnTrSq" : [ 1 ],
					"low_SnTrSq" : [ 0 ],
					"low_duty_cycle" : [ 0.0 ],
					"low_floor" : [ 5.511811023622045 ],
					"low_phase_offset" : [ -52.755905511810916 ],
					"low_power" : [ 22.303224552547903 ],
					"octaver_volume" : [ -11.354330708661422 ],
					"rez_max" : [ 70 ],
					"rez_min" : [ 11 ],