{
	"pattrstorage" : 	{
		"name" : "presets2",
		"slots" : 		{
			"1" : 			{
				"id" : 1,
				"data" : 				{
					"Q_sense" : [ "Q_sense", 3.0 ],
					"Zslide_down" : [ "Zslide_down", 800.0 ],
					"aux_SnTrSq" : [ 0 ],
					"aux_duty_cycle" : [ 0.0 ],
					"aux_phase_offset" : [ 68.5039370078741 ],
					"aux_power" : [ -5.511811023622144 ],
					"aux_route_menu" : [ 0 ],
					"aux_yaxis" : [ 0.0 ],
					"env_bottom" : [ 2.0 ],
					"env_inv" : [ 0 ],
					"env_top" : [ 33.0 ],
					"freq_ceiling" : [ 1.0, 0.0, 100.0, 0.0, 46.406313753371677, 0, 0.0, 0.34015893474257, 79.218231657369458, 0, 0.0, 0.902059228184718, 100.0, 0, -0.45, 1.0, 100.0, 0, 0.0, "curve" ],
					"freq_ceiling_slide_down" : [ 8000 ],
					"freq_ceiling_slide_up" : [ 48 ],
					"freq_floor" : [ 1.0, 0.0, 100.0, 0.0, 38.281457891429369, 0, 0.0, 1.0, 100.0, 0, 0.2, "curve" ],
					"freq_floor_slide_down" : [ 16000 ],
					"freq_floor_slide_up" : [ 480 ],
					"low_SnTrSq" : [ 0 ],
					"low_duty_cycle" : [ 0.0 ],
					"low_floor" : [ 5.511811023622045 ],
					"low_phase_offset" : [ -52.755905511810916 ],
					"low_power" : [ 22.303224552547903 ],
					"vst~" : [  ]
				}

			}
,
			"4" : 			{
				"id" : 4,
				"data" : 				{
					"Q_sense" : [ "Q_sense", 3.0 ],
					"Zslide_down" : [ "Zslide_down", 800.0 ],
					"aux_SnTrSq" : [ 0 ],
					"aux_duty_cycle" : [ 0.0 ],
					"aux_phase_offset" : [ 68.5039370078741 ],
					"aux_power" : [ -5.511811023622144 ],
					"aux_route_menu" : [ 0 ],
					"aux_yaxis" : [ 0.0 ],
					"env_bottom" : [ 12.0 ],
					"env_inv" : [ 1 ],
					"env_top" : [ 66.0 ],
					"freq_ceiling" : [ 1.0, 0.0, 100.0, 0.0, 46.406313753371677, 0, 0.0, 1.0, 100.0, 0, -0.6, "curve" ],
					"freq_ceiling_slide_down" : [ 4000 ],
					"freq_ceiling_slide_up" : [ 48 ],
					"freq_floor" : [ 1.0, 0.0, 100.0, 0.0, 35.781502241600961, 0, 0.0, 0.209610551730608, 41.093907997486319, 0, 0.0, 1.0, 100.0, 0, -0.2, "curve" ],
					"freq_floor_slide_down" : [ 16000 ],
					"freq_floor_slide_up" : [ 48 ],
					"low_SnTrSq" : [ 0 ],
					"low_duty_cycle" : [ 0.0 ],
					"low_floor" : [ 5.511811023622045 ],
					"low_phase_offset" : [ -52.755905511810916 ],
					"low_power" : [ 22.303224552547903 ],
					"vst~" : [  ]
				}

			}
,
			"7" : 			{
				"id" : 7,
				"data" : 				{
					"Q_sense" : [ "Q_sense", 1.0 ],
					"Zslide_down" : [ "Zslide_down", 200.0 ],
					"aux_SnTrSq" : [ 0 ],
					"aux_duty_cycle" : [ 0.0 ],
					"aux_phase_offset" : [ -65.354330708661394 ],
					"aux_power" : [ -5.511811023622144 ],
					"aux_route_menu" : [ 0 ],
					"aux_yaxis" : [ 0.0 ],
					"env_bottom" : [ 22.0 ],
					"env_inv" : [ 1 ],
					"env_top" : [ 66.0 ],
					"freq_ceiling" : [ 1.0, 0.0, 100.0, 0.0, 34.531524416686764, 0, 0.0, 0.341403236709874, 70.780881339198601, 0, 0.0, 1.0, 100.0, 0, -0.45, "curve" ],
					"freq_ceiling_slide_down" : [ 40000 ],
					"freq_ceiling_slide_up" : [ 100 ],
					"freq_floor" : [ 1.0, 0.0, 100.0, 0.0, 33.28154659177256, 0, 0.0, 1.0, 100.0, 0, 0.35, "curve" ],
					"freq_floor_slide_down" : [ 40000 ],
					"freq_floor_slide_up" : [ 480 ],
					"low_SnTrSq" : [ 0 ],
					"low_duty_cycle" : [ 0.0 ],
					"low_floor" : [ 5.511811023622045 ],
					"low_phase_offset" : [ -52.755905511810916 ],
					"low_power" : [ 22.303224552547903 ],
					"vst~" : [ 						{
							"filetype" : "C74Snapshot",
							"version" : 2,
							"minorversion" : 0,
							"name" : "2016 Stereo Room",
							"origin" : "2016 Stereo Room.auinfo",
							"type" : "AudioUnit",
							"subtype" : "AudioEffect",
							"embed" : 1,
							"snapshot" : 							{
								"pluginname" : "2016 Stereo Room.auinfo",
								"plugindisplayname" : "2016 Stereo Room",
								"pluginsavedname" : "",
								"pluginsaveduniqueid" : 842158930,
								"version" : 1,
								"isbank" : 0,
								"isbase64" : 1,
								"blob" : "1343.hAGaoMGcv.C1AHv.DTfAGfPBJrvDTTgEWvUag4VclE1XzUmbkIGUjEFcgwUYrUVak4Fcs3VXsU1UyUmXzkGbkckckI2bo8laTQWdvU1WP7fZ0MVYPwVcmklaSQWXzUFUtEVakIAUIQTQOAAa...............C..............P..........H..........C..........A.........T..........F.........vA.........f..........I.........fB.........r......RyPCNDQTwDkLQ+.DQASUI4Fb0QWzOHgUOUGcvUGcRHiLSIED.HQX0YFdOEw.nuWCJ.BHh.Ga0cVZtkDQhnCHhHiLSIkHrzfBf.hHvwVcmklaVUlbhnCHhLiK23RLvHBKMn.HfHRZtAmchnCHs.iKvfCNv.CLxjyM0PiMyfiM2HCKMn.HfHRaskFdhnCHw3BLrzfBf.hHqkFahIhNf.iKvvRCJ.BHh.GYrkmH5.BLt.yL4jSN4jSN4DCL0jyLvLyLrzfBf.hHjU1X4IhNfHiK2DCLyXCLvTCLx.SLzDiMrzfBf.hHvMGctIhNfDiKvvRCJ.BHhPlYl4lH5.RLt.CKMn.HfHRYww1bhnCHs.iKzDSM4jSN1TCL4TSMx.CLxvRCJ.BHhTVbrYlH5.RMv.iKvvRCJ.BHhTVbnMmH5.RK13xMwjSN4jyM4.SL4DiM0vRCJ.BHhTVbnYlH5.xL4DiLt.CLvbyLxPiLwfyM0vRCJ.BHhLmagA2bn8FcvHhNfHhHrzfBf.hHy4VXvMGZuQWLhnCHhHBKMn.HfHxbtEFbyg1azIiH5.hHhvRCJ.BHhLmagA2bn8FcyHhNfHhHrzfBf.hHy4VXvMGZuQGMhnCHhHBKMn.HfHxbtEFbyg1azUiH5.hHhvRCJ.BHhLmagA2bn8Fc1HhNfHhHrzfBf.hHy4VXvMGZuQ2MhnCHhHBKMn.HfHxbtEFbyg1azgiH5.hHhvRCJ.BHhLmagA2bn8Fc4HhNfHhHrzfBf.hHy4VXvMGZuQWLvHhNfHhHrzfBf.hHy4VXvMGZuQWLwHhNfHhHrzfBf.hHy4VXvMGZuQWLxHhNfHhHrzfBf.hHy4VXvMGZuQWLyHhNfHhHrzfBf.hHy4VXvMGZuQWLzHhNfHhHrzfBf.hHy4VXvMGZuQWL0HhNfHhHrzfBf.hHvIWYoIhNfDCMrzfBf.hHvIWYtIhNfHBRuImafH0au0lHMnPe...................................................................................................................................................................................................................................................................................................................................................................................................................................T.f..Y.fI.rB.3..P.fD.MAvW.PF.oA.1.zM.eCP3.PN.lC.6.7N.1Cv9.ze.BPf6........BD..........X...................D7N"
							}

						}
 ]
				}

			}
,
			"8" : 			{
				"id" : 8,
				"data" : 				{
					"Q_sense" : [ "Q_sense", 3.0 ],
					"Zslide_down" : [ "Zslide_down", 1500.0 ],
					"aux_SnTrSq" : [ 0 ],
					"aux_duty_cycle" : [ 0.0 ],
					"aux_phase_offset" : [ 68.5039370078741 ],
					"aux_power" : [ -5.511811023622144 ],
					"aux_route_menu" : [ 0 ],
					"aux_yaxis" : [ 0.0 ],
					"env_bottom" : [ 20 ],
					"env_inv" : [ 0 ],
					"env_top" : [ 42 ],
					"freq_ceiling" : [ 1.0, 0.0, 100.0, 0.0, 35.136029624692249, 0, 0.0, 0.447272347297903, 79.011039063101634, 0, 0.0, 0.902059228184718, 100.0, 0, -0.45, 1.0, 100.0, 0, 0.0, "curve" ],
					"freq_ceiling_slide_down" : [ 40000 ],
					"freq_ceiling_slide_up" : [ 48 ],
					"freq_floor" : [ 1.0, 0.0, 100.0, 0.0, 31.054633397863473, 0, 0.0, 1.0, 100.0, 0, 0.55, "curve" ],
					"freq_floor_slide_down" : [ 80000 ],
					"freq_floor_slide_up" : [ 48 ],
					"low_SnTrSq" : [ 0 ],
					"low_duty_cycle" : [ 0.0 ],
					"low_floor" : [ 5.511811023622045 ],
					"low_phase_offset" : [ -52.755905511810916 ],
					"low_power" : [ 22.303224552547903 ],
					"vst~" : [  ]
				}

			}
,
			"10" : 			{
				"id" : 10,
				"data" : 				{
					"Q_sense" : [ "Q_sense", 1.0 ],
					"Zslide_down" : [ "Zslide_down", 500.0 ],
					"aux_SnTrSq" : [ 0 ],
					"aux_duty_cycle" : [ 0.0 ],
					"aux_phase_offset" : [ -65.354330708661394 ],
					"aux_power" : [ -5.511811023622144 ],
					"aux_route_menu" : [ 0 ],
					"aux_yaxis" : [ 0.0 ],
					"env_bottom" : [ 11.0 ],
					"env_inv" : [ 1 ],
					"env_top" : [ 55.0 ],
					"freq_ceiling" : [ 1.0, 0.0, 100.0, 0.0, 33.28154659177256, 0, 0.0, 1.0, 100.0, 0, -0.6, "curve" ],
					"freq_ceiling_slide_down" : [ 4000 ],
					"freq_ceiling_slide_up" : [ 100 ],
					"freq_floor" : [ 1.0, 0.0, 100.0, 0.0, 32.344063223086913, 0, 0.0, 1.0, 100.0, 0, 0.65, "curve" ],
					"freq_floor_slide_down" : [ 9000 ],
					"freq_floor_slide_up" : [ 100 ],
					"low_SnTrSq" : [ 0 ],
					"low_duty_cycle" : [ 0.0 ],
					"low_floor" : [ 5.511811023622045 ],
					"low_phase_offset" : [ -52.755905511810916 ],
					"low_power" : [ 22.303224552547903 ],
					"vst~" : [  ]
				}

			}
,
			"13" : 			{
				"id" : 13,
				"data" : 				{
					"Q_sense" : [ "Q_sense", 3.0 ],
					"Zslide_down" : [ "Zslide_down", 1500.0 ],
					"aux_SnTrSq" : [ 0 ],
					"aux_duty_cycle" : [ 0.0 ],