{
	"pattrstorage" : 	{
		"name" : "presets2",
		"slots" : 		{
			"1" : 			{
				"id" : 1,
				"data" : 				{
					"Q_sense" : [ "Q_sense", 3.0 ],
					"Zslide_down" : [ "Zslide_down", 800.0 ],
					"aux_SnTrSq" : [ 0 ],
					"aux_duty_cycle" : [ 0.0 ],
					"aux_phase_offset" : [ 68.5039370078741 ],
					"aux_power" : [ -5.511811023622144 ],
					"aux_route_menu" : [ 0 ],
					"aux_yaxis" : [ 0.0 ],
					"freq_ceiling" : [ 1.0, 0.0, 100.0, 0.0, 46.406313753371677, 0, 0.0, 1.0, 100.0, 0, -0.1, "curve" ],
					"freq_ceiling_slide_down" : [ 8000 ],
					"freq_ceiling_slide_up" : [ 48 ],
					"freq_floor" : [ 1.0, 0.0, 100.0, 0.0, 35.714789416371787, 0, 0.0, 1.0, 100.0, 0, 0.65, "curve" ],
					"freq_floor_slide_down" : [ 16000 ],
					"freq_floor_slide_up" : [ 480 ],
					"high_SnTrSq" : [ 1 ],
					"low_SnTrSq" : [ 0 ],
					"low_duty_cycle" : [ 0.0 ],
					"low_floor" : [ 5.511811023622045 ],
					"low_phase_offset" : [ 54.330708661417269 ],
					"low_power" : [ 22.303224552547903 ],
					"octaver_volume" : [ -14.220472440944881 ],
					"mix_env_logic::env_bottom" : [ 31.0 ],
					"mix_env_logic::env_inv" : [ 0 ],
					"mix_env_logic::env_top" : [ 99.0 ]
				}

			}
,
			"2" : 			{
				"id" : 2,
				"data" : 				{
					"Q_sense" : [ "Q_sense", 3.0 ],
					"Zslide_down" : [ "Zslide_down", 200.0 ],
					"aux_SnTrSq" : [ 0 ],
					"aux_duty_cycle" : [ 0.0 ],
					"aux_phase_offset" : [ 68.5039370078741 ],
					"aux_power" : [ -5.511811023622144 ],
					"aux_route_menu" : [ 0 ],
					"aux_yaxis" : [ 0.0 ],
					"freq_ceiling" : [ 1.0, 0.0, 100.0, 0.0, 44.843841472228924, 0, 0.0, 0.336612724411478, 68.094259812249632, 0, 0.3, 1.0, 100.0, 0, -0.505000000000001, "curve" ],
					"freq_ceiling_slide_down" : [ 24000 ],
					"freq_ceiling_slide_up" : [ 100 ],
					"freq_floor" : [ 1.0, 0.0, 100.0, 0.0, 34.531524416686764, 0, 0.0, 1.0, 83.161344342983838, 0, 0.305, "curve" ],
					"freq_floor_slide_down" : [ 12000 ],
					"freq_floor_slide_up" : [ 480 ],
					"high_SnTrSq" : [  ],
					"low_SnTrSq" : [ 0 ],
					"low_duty_cycle" : [ 0.0 ],
					"low_floor" : [ 5.511811023622045 ],
					"low_phase_offset" : [ -52.755905511810916 ],
					"low_power" : [ 22.303224552547903 ],
					"octaver_volume" : [ -14.0 ],
					"mix_env_logic::env_bottom" : [  ],
					"mix_env_logic::env_inv" : [  ],
					"mix_env_logic::env_top" : [  ]
				}

			}
,
			"4" : 			{
				"id" : 4,
				"data" : 				{
					"Q_sense" : [ "Q_sense", 3.0 ],
					"Zslide_down" : [ "Zslide_down", 200.0 ],
					"aux_SnTrSq" : [ 0 ],
					"aux_duty_cycle" : [ 0.0 ],
					"aux_phase_offset" : [ 68.5039370078741 ],
					"aux_power" : [ -5.511811023622144 ],
					"aux_route_menu" : [ 0 ],
					"aux_yaxis" : [ 0.0 ],
					"freq_ceiling" : [ 1.0, 0.0, 100.0, 0.0, 39.218941260115017, 0, 0.0, 0.447309550355495, 72.030859164112798, 0, 0.0, 1.0, 100.0, 0, -0.2, "curve" ],
					"freq_ceiling_slide_down" : [ 4000 ],
					"freq_ceiling_slide_up" : [ 48 ],
					"freq_floor" : [ 1.0, 0.0, 100.0, 0.0, 35.781502241600961, 0, 0.0, 1.0, 60.468564283656434, 0, 0.6, "curve" ],
					"freq_floor_slide_down" : [ 16000 ],
					"freq_floor_slide_up" : [ 48 ],
					"high_SnTrSq" : [ 1 ],
					"low_SnTrSq" : [ 0 ],
					"low_duty_cycle" : [ 0.0 ],
					"low_floor" : [ 5.511811023622045 ],
					"low_phase_offset" : [ -52.755905511810916 ],
					"low_power" : [ 22.303224552547903 ],
					"octaver_volume" : [ -7.165354330708674 ],
					"mix_env_logic::env_bottom" : [ 11.6 ],
					"mix_env_logic::env_inv" : [ 1 ],
					"mix_env_logic::env_top" : [ 79.799999999999997 ]
				}

			}
,
			"7" : 			{
				"id" : 7,
				"data" : 				{
					"Q_sense" : [ "Q_sense", 1.0 ],
					"Zslide_down" : [ "Zslide_down", 800.0 ],
					"aux_SnTrSq" : [ 0 ],
					"aux_duty_cycle" : [ 0.0 ],
					"aux_phase_offset" : [ -65.354330708661394 ],
					"aux_power" : [ -5.511811023622144 ],
					"aux_route_menu" : [ 0 ],
					"aux_yaxis" : [ 0.0 ],
					"freq_ceiling" : [ 1.0, 0.0, 100.0, 0.0, 49.719275263181189, 0, 0.0, 0.374777491551501, 75.432170785851724, 0, 0.5, 1.0, 100.0, 0, -0.7, "curve" ],
					"freq_ceiling_slide_down" : [ 40000 ],
					"freq_ceiling_slide_up" : [ 48 ],
					"freq_floor" : [ 1.0, 0.0, 100.0, 0.002864110342309, 40.825465477429127, 0, 0.0, 1.0, 100.0, 0, 0.65, "curve" ],
					"freq_floor_slide_down" : [ 40000 ],
					"freq_floor_slide_up" : [ 480 ],
					"high_SnTrSq" : [ 1 ],
					"low_SnTrSq" : [ 0 ],
					"low_duty_cycle" : [ 0.0 ],
					"low_floor" : [ 5.511811023622045 ],
					"low_phase_offset" : [ -52.755905511810916 ],
					"low_power" : [ 22.303224552547903 ],
					"octaver_volume" : [ -11.354330708661422 ],
					"mix_env_logic::env_bottom" : [ 11.6 ],
					"mix_env_logic::env_inv" : [ 1 ],
					"mix_env_logic::env_top" : [ 79.799999999999997 ]
				}

			}
,
			"8" : 			{
				"id" : 8,
				"data" : 				{
					"Q_sense" : [ "Q_sense", 3.0 ],
					"Zslide_down" : [ "Zslide_down", 1500.0 ],
					"aux_SnTrSq" : [ 0 ],
					"aux_duty_cycle" : [ 0.0 ],
					"aux_phase_offset" : [ 68.5039370078741 ],
					"aux_power" : [ -5.511811023622144 ],
					"aux_route_menu" : [ 0 ],
					"aux_yaxis" : [ 0.0 ],
					"freq_ceiling" : [ 1.0, 0.0, 100.0, 0.0, 35.136029624692249, 0, 0.0, 0.447272347297903, 79.011039063101634, 0, 0.0, 0.902059228184718, 100.0, 0, -0.45, 1.0, 100.0, 0, 0.0, "curve" ],
					"freq_ceiling_slide_down" : [ 40000 ],
					"freq_ceiling_slide_up" : [ 48 ],
					"freq_floor" : [ 1.0, 0.0, 100.0, 0.0, 31.054633397863473, 0, 0.0, 1.0, 100.0, 0, 0.55, "curve" ],
					"freq_floor_slide_down" : [ 80000 ],
					"freq_floor_slide_up" : [ 48 ],
					"high_SnTrSq" : [  ],
					"low_SnTrSq" : [ 0 ],
					"low_duty_cycle" : [ 0.0 ],
					"low_floor" : [ 5.511811023622045 ],
					"low_phase_offset" : [ -52.755905511810916 ],
					"low_power" : [ 22.303224552547903 ],
					"octaver_volume" : [ -8.267716535433085 ],
					"mix_env_logic::env_bottom" : [  ],
					"mix_env_logic::env_inv" : [  ],
					"mix_env_logic::env_top" : [  ]
				}

			}
,
			"10" : 			{
				"id" : 10,
				"data" : 				{
					"Q_sense" : [ "Q_sense", 1.0 ],
					"Zslide_down" : [ "Zslide_down", 500.0 ],
					"aux_SnTrSq" : [ 0 ],
					"aux_duty_cycle" : [ 0.0 ],
					"aux_phase_offset" : [ -65.354330708661394 ],
					"aux_power" : [ -5.511811023622144 ],
					"aux_route_menu" : [ 0 ],
					"aux_yaxis" : [ 0.0 ],
					"freq_ceiling" : [ 1.0, 0.0, 100.0, 0.0, 33.28154659177256, 0, 0.0, 0.0, 50.671604726983801, 0, 0.0, 1.0, 100.0, 0, -0.15, "curve" ],
					"freq_ceiling_slide_down" : [ 4000 ],
					"freq_ceiling_slide_up" : [ 48 ],
					"freq_floor" : [ 1.0, 0.0, 100.0, 0.0, 32.344063223086913, 0, 0.0, 1.0, 100.0, 0, 0.55, "curve" ],
					"freq_floor_slide_down" : [ 9000 ],
					"freq_floor_slide_up" : [ 300 ],
					"high_SnTrSq" : [ 1 ],
					"low_SnTrSq" : [ 0 ],
					"low_duty_cycle" : [ 0.0 ],
					"low_floor" : [ 5.511811023622045 ],
					"low_phase_offset" : [ -52.755905511810916 ],
					"low_power" : [ 22.303224552547903 ],
					"octaver_volume" : [ -14.0 ],
					"mix_env_logic::env_bottom" : [ 31.0 ],
					"mix_env_logic::env_inv" : [ 1 ],
					"mix_env_logic::env_top" : [ 99.0 ]
				}

			}
,
			"13" : 			{
				"id" : 13,
				"data" : 				{
					"Q_sense" : [ "Q_sense", 3.0 ],
					"Zslide_down" : [ "Zslide_down", 200.0 ],
					"aux_SnTrSq" : [ 0 ],
					"aux_duty_cycle" : [ 0.0 ],
					"aux_phase_offset" : [ 68.5039370078741 ],
					"aux_power" : [ -5.511811023622144 ],
					"aux_route_menu" : [ 0 ],
					"aux_yaxis" : [ 0.0 ],
					"freq_ceiling" : [ 1.0, 0.0, 100.0, 0.0, 44.843841472228924, 0, 0.0, 0.290486739764864, 65.468475583313236, 0, 0.5, 1.0, 100.0, 0, -0.755000000000001, "curve" ],
					"freq_ceiling_slide_down" : [ 24000 ],
					"freq_ceiling_slide_up" : [ 100 ],
					"freq_floor" : [ 1.0, 0.0, 100.0, 0.0, 34.531524416686764, 0, 0.0, 1.0, 83.161344342983838, 0, 0.305, "curve" ],
					"freq_floor_slide_down" : [ 12000 ],
					"freq_floor_slide_up" : [ 480 ],
					"high_SnTrSq" : [ 1 ],
					"low_SnTrSq" : [ 0 ],
					"low_duty_cycle" : [ 0.0 ],